indice,ambito_isced,cod_plan,cod_mec,curso_aca,municipio,nacionalidad,nuevo_ingreso,provincia,rama,sexo,titulacion,nombre_plan_propio,universidad,cod_universidad,cod_tipo_matricula,tipo_matricula,id
1,Tecnología,BDCX8,Y7X359,2018/2019,Santa Cruz de Tenerife,España,si,Santa Cruz de Tenerife,Ingeniería y Arquitectura,Masculino,Grado en Ingeniería Informática,ING-Informática-Plan Propio,Universidad de la Laguna,ULL015,N25H,Completa,FPM12345
2,Tecnología,BDCX8,Y7X359,2019/2020,Santa Cruz de Tenerife,España,no,Santa Cruz de Tenerife,Ingeniería y Arquitectura,Masculino,Grado en Ingeniería Informática,ING-Informática-Plan Propio,Universidad de la Laguna,ULL015,N25H,Completa,FPM12345
3,Tecnología,BDCX8,Y7X359,2020/2021,Santa Cruz de Tenerife,España,no,Santa Cruz de Tenerife,Ingeniería y Arquitectura,Masculino,Grado en Ingeniería Informática,ING-Informática-Plan Propio,Universidad de la Laguna,ULL015,N25H,Completa,FPM12345
4,Tecnología,BDCX8,Y7X359,2021/2022,Santa Cruz de Tenerife,España,no,Santa Cruz de Tenerife,Ingeniería y Arquitectura,Masculino,Grado en Ingeniería Informática,ING-Informática-Plan Propio,Universidad de la Laguna,ULL015,N25H,Completa,FPM12345
5,Ciencias,PDZX7,L9E568,2020/2021,Santa Cruz de Tenerife,España,si,Santa Cruz de Tenerife,Ciencias de la Salud,Masculino,Enfermería,EMF-Plan Propio,Universidad de la Laguna,ULL015,N25H,Completa,VMM14584
6,Tecnología,BDCX8,Y7X359,2018/2019,Santa Cruz de Tenerife,España,si,Santa Cruz de Tenerife,Ingeniería y Arquitectura,Masculino,Grado en Ingeniería Informática,ING-Informática-Plan Propio,Universidad de la Laguna,ULL015,N25H,Completa,CVM56789
7,Tecnología,BDCX8,Y7X359,2019/2020,Santa Cruz de Tenerife,España,no,Santa Cruz de Tenerife,Ingeniería y Arquitectura,Masculino,Grado en Ingeniería Informática,ING-Informática-Plan Propio,Universidad de la Laguna,ULL015,N25H,Completa,CVM56789
8,Tecnología,BDCX8,Y7X359,2020/2021,Santa Cruz de Tenerife,España,no,Santa Cruz de Tenerife,Ingeniería y Arquitectura,Masculino,Grado en Ingeniería Informática,ING-Informática-Plan Propio,Universidad de la Laguna,ULL015,N25H,Completa,CVM56789
9,Tecnología,BDCX8,Y7X359,2021/2022,Santa Cruz de Tenerife,España,no,Santa Cruz de Tenerife,Ingeniería y Arquitectura,Masculino,Grado en Ingeniería Informática,ING-Informática-Plan Propio,Universidad de la Laguna,ULL015,N25H,Completa,CVM56789
10,Tecnología,BDCX8,Y7X359,2018/2019,Santa Cruz de Tenerife,España,si,Santa Cruz de Tenerife,Ingeniería y Arquitectura,Masculino,Grado en Ingeniería Informática,ING-Informática-Plan Propio,Universidad de la Laguna,ULL015,N25H,Completa,FPM12346
11,Tecnología,BDCX8,Y7X359,2019/2020,Santa Cruz de Tenerife,España,no,Santa Cruz de Tenerife,Ingeniería y Arquitectura,Masculino,Grado en Ingeniería Informática,ING-Informática-Plan Propio,Universidad de la Laguna,ULL015,N25H,Completa,FPM12346
12,Tecnología,BDCX8,Y7X359,2020/2021,Santa Cruz de Tenerife,España,no,Santa Cruz de Tenerife,Ingeniería y Arquitectura,Masculino,Grado en Ingeniería Informática,ING-Informática-Plan Propio,Universidad de la Laguna,ULL015,N25H,Completa,FPM12346
13,Tecnología,BDCX8,Y7X359,2021/2022,Santa Cruz de Tenerife,España,no,Santa Cruz de Tenerife,Ingeniería y Arquitectura,Femenino,Grado en Ingeniería Informática,ING-Informática-Plan Propio,Universidad de la Laguna,ULL015,N25H,Completa,FPM12346
14,Tecnología,BDCX8,Y7X359,2018/2019,Santa Cruz de Tenerife,España,si,Santa Cruz de Tenerife,Ingeniería y Arquitectura,Masculino,Grado en Ingeniería Informática,ING-Informática-Plan Propio,Universidad de la Laguna,ULL015,N25H,Completa,FPM12347
15,Tecnología,BDCX8,Y7X359,2019/2020,Santa Cruz de Tenerife,España,no,Santa Cruz de Tenerife,Ingeniería y Arquitectura,Masculino,Grado en Ingeniería Informática,ING-Informática-Plan Propio,Universidad de la Laguna,ULL015,N25H,Completa,FPM12347
16,Tecnología,BDCX8,Y7X359,2020/2021,Santa Cruz de Tenerife,España,no,Santa Cruz de Tenerife,Ingeniería y Arquitectura,Masculino,Grado en Ingeniería Informática,ING-Informática-Plan Propio,Universidad de la Laguna,ULL015,N25H,Completa,FPM12347
17,Tecnología,BDCX8,Y7X359,2021/2022,Santa Cruz de Tenerife,España,no,Santa Cruz de Tenerife,Ingeniería y Arquitectura,Femenino,Grado en Ingeniería Informática,ING-Informática-Plan Propio,Universidad de la Laguna,ULL015,N25H,Completa,FPM12347
18,Tecnología,BDCX8,Y7X359,2018/2019,Santa Cruz de Tenerife,España,si,Santa Cruz de Tenerife,Ingeniería y Arquitectura,Femenino,Grado en Ingeniería Informática,ING-Informática-Plan Propio,Universidad de la Laguna,ULL015,N25H,Completa,FPM12348
19,Tecnología,BDCX8,Y7X359,2019/2020,Santa Cruz de Tenerife,España,no,Santa Cruz de Tenerife,Ingeniería y Arquitectura,Femenino,Grado en Ingeniería Informática,ING-Informática-Plan Propio,Universidad de la Laguna,ULL015,N25H,Completa,FPM12348
20,Tecnología,BDCX8,Y7X359,2020/2021,Santa Cruz de Tenerife,España,no,Santa Cruz de Tenerife,Ingeniería y Arquitectura,Masculino,Grado en Ingeniería Informática,ING-Informática-Plan Propio,Universidad de la Laguna,ULL015,N25H,Completa,FPM12348
21,Tecnología,BDCX8,Y7X359,2021/2022,Santa Cruz de Tenerife,España,no,Santa Cruz de Tenerife,Ingeniería y Arquitectura,Femenino,Grado en Ingeniería Informática,ING-Informática-Plan Propio,Universidad de la Laguna,ULL015,N25H,Completa,FPM12348
22,Tecnología,BDCX8,Y7X359,2018/2019,Santa Cruz de Tenerife,España,si,Santa Cruz de Tenerife,Ingeniería y Arquitectura,Femenino,Grado en Ingeniería Informática,ING-Informática-Plan Propio,Universidad de la Laguna,ULL015,N25H,Completa,FPM12349
23,Tecnología,BDCX8,Y7X359,2019/2020,Santa Cruz de Tenerife,España,no,Santa Cruz de Tenerife,Ingeniería y Arquitectura,Masculino,Grado en Ingeniería Informática,ING-Informática-Plan Propio,Universidad de la Laguna,ULL015,N25H,Completa,FPM12349
24,Tecnología,BDCX8,Y7X359,2020/2021,Santa Cruz de Tenerife,España,no,Santa Cruz de Tenerife,Ingeniería y Arquitectura,Masculino,Grado en Ingeniería Informática,ING-Informática-Plan Propio,Universidad de la Laguna,ULL015,N25H,Completa,FPM12349
25,Tecnología,BDCX8,Y7X359,2021/2022,Santa Cruz de Tenerife,España,no,Santa Cruz de Tenerife,Ingeniería y Arquitectura,Masculino,Grado en Ingeniería Informática,ING-Informática-Plan Propio,Universidad de la Laguna,ULL015,N25H,Completa,FPM12349
26,Tecnología,BDCX8,Y7X359,2018/2019,Santa Cruz de Tenerife,España,si,Santa Cruz de Tenerife,Ingeniería y Arquitectura,Femenino,Grado en Ingeniería Informática,ING-Informática-Plan Propio,Universidad de la Laguna,ULL015,N25H,Completa,FPM12350
27,Tecnología,BDCX8,Y7X359,2019/2020,Santa Cruz de Tenerife,España,no,Santa Cruz de Tenerife,Ingeniería y Arquitectura,Masculino,Grado en Ingeniería Informática,ING-Informática-Plan Propio,Universidad de la Laguna,ULL015,N25H,Completa,FPM12350
28,Tecnología,BDCX8,Y7X359,2020/2021,Santa Cruz de Tenerife,España,no,Santa Cruz de Tenerife,Ingeniería y Arquitectura,Femenino,Grado en Ingeniería Informática,ING-Informática-Plan Propio,Universidad de la Laguna,ULL015,N25H,Completa,FPM12350
29,Tecnología,BDCX8,Y7X359,2021/2022,Santa Cruz de Tenerife,España,no,Santa Cruz de Tenerife,Ingeniería y Arquitectura,Masculino,Grado en Ingeniería Informática,ING-Informática-Plan Propio,Universidad de la Laguna,ULL015,N25H,Completa,FPM12350
