indice,asignatura,cod_asignatura,cod_plan,curso_aca,id,cod_tipologia,plan,tipologia,universidad,cod_universidad
1,Álgebra,3012315ALG,BDCX8,2017/2018,FPM12345,M7QB,Plan 2018,Básica,Universidad de la Laguna,ULL015
2,Informática Básica,3012315INF,BDCX8,2017/2018,FPM12345,M7QB,Plan 2018,Básica,Universidad de la Laguna,ULL015
3,Cálculo,3012315CAL,BDCX8,2017/2018,FPM12345,M7QB,Plan 2018,Básica,Universidad de la Laguna,ULL015
4,Fundamentos Físicos para la Ingeniería,3012315FIS,BDCX8,2017/2018,FPM12345,M7QB,Plan 2018,Básica,Universidad de la Laguna,ULL015
5,Algoritmos y Estructuras de Datos,3012315ALG,BDCX8,2017/2018,FPM12345,M7QB,Plan 2018,Básica,Universidad de la Laguna,ULL015
6,Principios de Computadores,3012315PRI,BDCX8,2017/2018,FPM12345,M7QB,Plan 2018,Básica,Universidad de la Laguna,ULL015
7,Optimización,3012315OPT,BDCX8,2017/2018,FPM12345,M7QB,Plan 2018,Básica,Universidad de la Laguna,ULL015
8,Sistemas Electrónicos Digitales,3012315SED,BDCX8,2017/2018,FPM12345,M7QB,Plan 2018,Básica,Universidad de la Laguna,ULL015
9,Expresión Gráfica para la Ingeniería,3012315EXP,BDCX8,2017/2018,FPM12345,M7QB,Plan 2018,Básica,Universidad de la Laguna,ULL015
10,Organizaciones Empresariales,3012315ORG,BDCX8,2017/2018,FPM12345,M7QB,Plan 2018,Básica,Universidad de la Laguna,ULL015
11,Estructuras de Computadores,3012315EST,BDCX8,2018/2019,FPM12345,M7QB,Plan 2018,Básica,Universidad de la Laguna,ULL015
12,Sistemas Operativos,3012315SIS,BDCX8,2018/2019,FPM12345,M7QB,Plan 2018,Básica,Universidad de la Laguna,ULL015
13,Inglés Técnico,3012315ING,BDCX8,2018/2019,FPM12345,M7QB,Plan 2018,Básica,Universidad de la Laguna,ULL015
14,Fundamentos de Ingeniería del Software,3012315FIS,BDCX8,2018/2019,FPM12345,M7QB,Plan 2018,Básica,Universidad de la Laguna,ULL015
15,Código Deontológico y Aspectos Legales,3012315COD,BDCX8,2018/2019,FPM12345,M7QB,Plan 2018,Básica,Universidad de la Laguna,ULL015
16,Informática Básica,3012315INF,BDCX8,2018/2019,FPM12345,M7QB,Plan 2018,Básica,Universidad de la Laguna,ULL015
17,Cálculo,3012315CAL,BDCX8,2018/2019,FPM12345,M7QB,Plan 2018,Básica,Universidad de la Laguna,ULL015
18,Algoritmos y Estructuras de Datos,3012315ALG,BDCX8,2018/2019,FPM12345,M7QB,Plan 2018,Básica,Universidad de la Laguna,ULL015
19,Principios de Computadores,3012315PRI,BDCX8,2018/2019,FPM12345,M7QB,Plan 2018,Básica,Universidad de la Laguna,ULL015
20,Optimización,3012315OPT,BDCX8,2018/2019,FPM12345,M7QB,Plan 2018,Básica,Universidad de la Laguna,ULL015
21,Algoritmos y Estructuras de Datos,3012315ALG,BDCX8,2019/2020,FPM12345,M7QB,Plan 2018,Básica,Universidad de la Laguna,ULL015
22,Cálculo,3012315CAL,BDCX8,2019/2020,FPM12345,M7QB,Plan 2018,Básica,Universidad de la Laguna,ULL015
23,Principios de Computadores,3012315PRI,BDCX8,2019/2020,FPM12345,M7QB,Plan 2018,Básica,Universidad de la Laguna,ULL015
24,Estadística,3012315EST,BDCX8,2019/2020,FPM12345,M7QB,Plan 2018,Básica,Universidad de la Laguna,ULL015
25,Computabilidad y Algoritmia,3012315COM,BDCX8,2019/2020,FPM12345,M7QB,Plan 2018,Básica,Universidad de la Laguna,ULL015
26,Estructuras de Computadores,3012315EST,BDCX8,2019/2020,FPM12345,M7QB,Plan 2018,Básica,Universidad de la Laguna,ULL015
27,Sistemas Operativos,3012315SIS,BDCX8,2019/2020,FPM12345,M7QB,Plan 2018,Básica,Universidad de la Laguna,ULL015
28,Algoritmos y Estructuras de Datos Avanzados,3568974ALA,BDCX8,2019/2020,FPM12345,M7QB,Plan 2018,Básica,Universidad de la Laguna,ULL015
29,Redes y Sistemas Distribuidos,3568974RED,BDCX8,2019/2020,FPM12345,M7QB,Plan 2018,Básica,Universidad de la Laguna,ULL015
30,Administración de Sistemas,3568974ADM,BDCX8,2019/2020,FPM12345,M7QB,Plan 2018,Básica,Universidad de la Laguna,ULL015
31,Algoritmos y Estructuras de Datos,3012315ALG,BDCX8,2020/2021,FPM12345,M7QB,Plan 2018,Básica,Universidad de la Laguna,ULL015
32,Estadística,3012315EST,BDCX8,2020/2021,FPM12345,M7QB,Plan 2018,Básica,Universidad de la Laguna,ULL015
33,Computabilidad y Algoritmia,3012315COM,BDCX8,2020/2021,FPM12345,M7QB,Plan 2018,Básica,Universidad de la Laguna,ULL015
34,Sistemas Operativos,3012315SIS,BDCX8,2020/2021,FPM12345,M7QB,Plan 2018,Básica,Universidad de la Laguna,ULL015
35,Algoritmos y Estructuras de Datos Avanzados,3568974ALA,BDCX8,2020/2021,FPM12345,M7QB,Plan 2018,Básica,Universidad de la Laguna,ULL015
36,Administración de Sistemas,3568974ADM,BDCX8,2020/2021,FPM12345,M7QB,Plan 2018,Básica,Universidad de la Laguna,ULL015
37,Sistemas de Interacción Persona-Computador,3568974SIP,BDCX8,2020/2021,FPM12345,M7QB,Plan 2018,Básica,Universidad de la Laguna,ULL015
38,Gestión de Proyectos Informáticos,3568974GPI,BDCX8,2020/2021,FPM12345,M7QB,Plan 2018,Básica,Universidad de la Laguna,ULL015
39,Modelado de Datos,3568974MOD,BDCX8,2020/2021,FPM12345,M7QB,Plan 2018,Básica,Universidad de la Laguna,ULL015
40,Gestión de la Calidad,3568974GCA,BDCX8,2020/2021,FPM12345,M7QB,Plan 2018,Básica,Universidad de la Laguna,ULL015
41,Algoritmos y Estructuras de Datos,3012315ALG,BDCX8,2021/2022,FPM12345,M7QB,Plan 2018,Básica,Universidad de la Laguna,ULL015
42,Estadística,3012315EST,BDCX8,2021/2022,FPM12345,M7QB,Plan 2018,Básica,Universidad de la Laguna,ULL015
43,Computabilidad y Algoritmia,3012315COM,BDCX8,2021/2022,FPM12345,M7QB,Plan 2018,Básica,Universidad de la Laguna,ULL015
44,Sistemas Operativos,3012315SIS,BDCX8,2021/2022,FPM12345,M7QB,Plan 2018,Básica,Universidad de la Laguna,ULL015
45,Algoritmos y Estructuras de Datos Avanzados,3568974ALA,BDCX8,2021/2022,FPM12345,M7QB,Plan 2018,Básica,Universidad de la Laguna,ULL015
46,Bases de Datos,3568974BDA,BDCX8,2021/2022,FPM12345,M7QB,Plan 2018,Básica,Universidad de la Laguna,ULL015
47,Inteligencia Artificial,3568974INT,BDCX8,2021/2022,FPM12345,M7QB,Plan 2018,Básica,Universidad de la Laguna,ULL015
48,Modelado de Sistemas Software,3568974MSS,BDCX8,2021/2022,FPM12345,M7QB,Plan 2018,Básica,Universidad de la Laguna,ULL015
49,Análisis de Sistemas Software,3568974ASS,BDCX8,2021/2022,FPM12345,M7QB,Plan 2018,Básica,Universidad de la Laguna,ULL015
50,Gestión de Riesgos en Ingeniería del Software,3568974GRI,BDCX8,2021/2022,FPM12345,M7QB,Plan 2018,Básica,Universidad de la Laguna,ULL015
51,Computabilidad y Algoritmia,3012315COM,BDCX8,2022/2023,FPM12345,M7QB,Plan 2018,Básica,Universidad de la Laguna,ULL015
52,Algoritmos y Estructuras de Datos Avanzados,3568974ALA,BDCX8,2022/2023,FPM12345,M7QB,Plan 2018,Básica,Universidad de la Laguna,ULL015
53,Lenguajes y Paradigmas de Programación,3568974LPP,BDCX8,2022/2023,FPM12345,M7QB,Plan 2018,Básica,Universidad de la Laguna,ULL015
54,Modelado de Sistemas Software,3568974MSS,BDCX8,2022/2023,FPM12345,M7QB,Plan 2018,Básica,Universidad de la Laguna,ULL015
55,Administración y Diseño de Bases de Datos,3568974ADB,BDCX8,2022/2023,FPM12345,M7QB,Plan 2018,Básica,Universidad de la Laguna,ULL015
56,Ingeniería Logística,3568974LOG,BDCX8,2022/2023,FPM12345,M7QB,Plan 2018,Básica,Universidad de la Laguna,ULL015
57,Inteligencia Emocional,3568974IEM,BDCX8,2022/2023,FPM12345,M7QB,Plan 2018,Básica,Universidad de la Laguna,ULL015
58,Laboratorio de Desarrollo y Herramientas,3568974LDH,BDCX8,2022/2023,FPM12345,M7QB,Plan 2018,Básica,Universidad de la Laguna,ULL015
59,Normativa y Regulación,3568974NOR,BDCX8,2022/2023,FPM12345,M7QB,Plan 2018,Básica,Universidad de la Laguna,ULL015
60,Diseño Arquitectónico y Patrones,3568974DAP,BDCX8,2022/2023,FPM12345,M7QB,Plan 2018,Básica,Universidad de la Laguna,ULL015
61,Computabilidad y Algoritmia,3012315COM,BDCX8,2023/2024,FPM12345,M7QB,Plan 2018,Básica,Universidad de la Laguna,ULL015
62,Diseño Arquitectónico y Patrones,3568974DAP,BDCX8,2023/2024,FPM12345,M7QB,Plan 2018,Básica,Universidad de la Laguna,ULL015