indice,asignatura,cod_asignatura,cod_plan,curso_aca,id,cod_tipologia,plan,tipologia,universidad,cod_universidad
1,Álgebra,3012315ALG,BDCX8,2018/2019,FPM12345,M7QB,Plan 2018,Básica,Universidad de la Laguna,ULL015
2,Cálculo,3012316CAL,BDCX8,2018/2019,FPM12346,M7QB,Plan 2018,Básica,Universidad de la Laguna,ULL015
3,Programación,3012317PRO,BDCX8,2018/2019,FPM12347,M7QB,Plan 2018,Básica,Universidad de la Laguna,ULL015
4,Bases de Datos,3012318BD,BDCX8,2018/2019,FPM12348,M7QB,Plan 2018,Básica,Universidad de la Laguna,ULL015
5,Redes de Computadoras,3012319RC,BDCX8,2018/2019,FPM12349,M7QB,Plan 2018,Básica,Universidad de la Laguna,ULL015
6,Estadística,6012319EST,BDCX8,2018/2019,FPM12349,M7QB,Plan 2018,Básica,Universidad de la Laguna,ULL015
7,Inteligencia Artificial,7012319IA,BDCX8,2018/2019,FPM12349,M7QB,Plan 2018,Básica,Universidad de la Laguna,ULL015
8,Programación Orientada a Objetos,8012319POO,BDCX8,2018/2019,FPM12349,M7QB,Plan 2018,Básica,Universidad de la Laguna,ULL015
9,Ingeniería de Software,9012319ISW,BDCX8,2018/2019,FPM12349,M7QB,Plan 2018,Básica,Universidad de la Laguna,ULL015
10,Análisis de Algoritmos,10012319AA,BDCX8,2018/2019,FPM12349,M7QB,Plan 2018,Básica,Universidad de la Laguna,ULL015