indice,conv,curso_aca,especialidad,id,nota_bach,nota_def,nota_prue,universidad,cod_universidad
1,Junio,2017/2018,Tecnología,FPM12345,7.5,7.5,7.5,Universidad de la Laguna,ULL015
2,Junio,2018/2019,Tecnología,FRA98765,8.5,6.5,6.3,Universidad de la Laguna,ULL015
3,Junio,2017/2018,Tecnología,VMM14584,8.5,7.5,9.5,Universidad de la Laguna,ULL015
4,Junio,2017/2018,Tecnología,CVM56789,8.5,6.5,6.3,Universidad de la Laguna,ULL015
5,Junio,2017/2018,Tecnología,EJM11111,8.5,7.5,9.5,Universidad de la Laguna,ULL015
6,Junio,2017/2018,Ciencias,KKK00000,8.5,6.5,6.3,Universidad de la Laguna,ULL015
7,Junio,2018/2019,Tecnología,PPP22222,7.5,6.5,8.5,Universidad de la Laguna,ULL015