indice,asignatura,calif_numerica,calif,cod_asig,cod_plan,conv,curso_aca,id,plan,universidad,cod_universidad
1,Algebra,6.53,Aprobado,3012315ALG,BDCX8,Ordinaria,2018/2019,FPM12345,Plan 2018,Universidad de la Laguna,ULL015
2,Cálculo,4.23,Supenso,3012316CAL,BDCX8,Ordinaria,2018/2019,FPM12345,Plan 2018,Universidad de la Laguna,ULL015
3,Programación,9.5,Sobresaliente,3012317PRO,BDCX8,Ordinaria,2018/2019,FPM12345,Plan 2018,Universidad de la Laguna,ULL015
4,Bases de Datos,7.50,Notable,3012318BD,BDCX8,Ordinaria,2018/2019,FPM12345,Plan 2018,Universidad de la Laguna,ULL015
5,Redes de Computadoras, 3.52,Suspenso,3012319RC,BDCX8,Ordinaria,2018/2019,FPM12345,Plan 2018,Universidad de la Laguna,ULL015
