indice,asignatura,calif_numerica,calif,cod_asig,cod_plan,conv,curso_aca,id,plan,universidad,cod_universidad
1,Álgebra,1.8,Suspenso,3012315ALG,ING-Informática,Junio,2017/2018,FPM12345,Plan 2018,Universidad de la Laguna,ULL015
2,Álgebra,5.2,Aprobado,3012315ALG,ING-Informática,Julio,2017/2018,FPM12345,Plan 2018,Universidad de la Laguna,ULL015
3,Informática Básica,2.6,Suspenso,3012315INF,ING-Informática,Junio,2017/2018,FPM12345,Plan 2018,Universidad de la Laguna,ULL015
4,Informática Básica,,No presentado,3012315INF,ING-Informática,Julio,2017/2018,FPM12345,Plan 2018,Universidad de la Laguna,ULL015
5,Informática Básica,,No presentado,3012315INF,ING-Informática,Enero,2017/2018,FPM12345,Plan 2018,Universidad de la Laguna,ULL015
6,Informática Básica,8.2,Notable,3012315INF,ING-Informática,Enero,2018/2019,FPM12345,Plan 2018,Universidad de la Laguna,ULL015
7,Cálculo,,No presentado,3012315CAL,ING-Informática,Junio,2017/2018,FPM12345,Plan 2018,Universidad de la Laguna,ULL015
8,Cálculo,,No presentado,3012315CAL,ING-Informática,Julio,2017/2018,FPM12345,Plan 2018,Universidad de la Laguna,ULL015
9,Cálculo,,No presentado,3012315CAL,ING-Informática,Enero,2017/2018,FPM12345,Plan 2018,Universidad de la Laguna,ULL015
10,Cálculo,4.0,Suspenso,3012315CAL,ING-Informática,Julio,2018/2019,FPM12345,Plan 2018,Universidad de la Laguna,ULL015
11,Cálculo,3.3,Suspenso,3012315CAL,ING-Informática,Septiembre,2018/2019,FPM12345,Plan 2018,Universidad de la Laguna,ULL015
12,Cálculo,,No presentado,3012315CAL,ING-Informática,Enero,2018/2019,FPM12345,Plan 2018,Universidad de la Laguna,ULL015
13,Cálculo,5.8,Aprobado,3012315CAL,ING-Informática,Julio,2019/2020,FPM12345,Plan 2018,Universidad de la Laguna,ULL015
14,Cálculo,,No presentado,3012315CAL,ING-Informática,Enero,2019/2020,FPM12345,Plan 2018,Universidad de la Laguna,ULL015
15,Fundamentos Físicos,6.0,Aprobado,3012315FIS,ING-Informática,Julio,2017/2018,FPM12345,Plan 2018,Universidad de la Laguna,ULL015
16,Algoritmos y Estructuras de Datos,,No presentado,3012315AED,ING-Informática,Junio,2017/2018,FPM12345,Plan 2018,Universidad de la Laguna,ULL015
17,Algoritmos y Estructuras de Datos,,No presentado,3012315AED,ING-Informática,Julio,2017/2018,FPM12345,Plan 2018,Universidad de la Laguna,ULL015
18,Algoritmos y Estructuras de Datos,,No presentado,3012315AED,ING-Informática,Septiembre,2017/2018,FPM12345,Plan 2018,Universidad de la Laguna,ULL015
19,Algoritmos y Estructuras de Datos,,No presentado,3012315AED,ING-Informática,Junio,2018/2019,FPM12345,Plan 2018,Universidad de la Laguna,ULL015
20,Algoritmos y Estructuras de Datos,,No presentado,3012315AED,ING-Informática,Julio,2018/2019,FPM12345,Plan 2018,Universidad de la Laguna,ULL015
21,Algoritmos y Estructuras de Datos,,No presentado,3012315AED,ING-Informática,Septiembre,2018/2019,FPM12345,Plan 2018,Universidad de la Laguna,ULL015
22,Algoritmos y Estructuras de Datos,4.3,Suspenso,3012315AED,ING-Informática,Junio,2019/2020,FPM12345,Plan 2018,Universidad de la Laguna,ULL015
23,Algoritmos y Estructuras de Datos,,No presentado,3012315AED,ING-Informática,Julio,2019/2020,FPM12345,Plan 2018,Universidad de la Laguna,ULL015
24,Algoritmos y Estructuras de Datos,0.1,Suspenso,3012315AED,ING-Informática,Septiembre,2019/2020,FPM12345,Plan 2018,Universidad de la Laguna,ULL015
25,Algoritmos y Estructuras de Datos,4.5,Suspenso,3012315AED,ING-Informática,Junio,2020/2021,FPM12345,Plan 2018,Universidad de la Laguna,ULL015
26,Algoritmos y Estructuras de Datos,3.3,Suspenso,3012315AED,ING-Informática,Julio,2020/2021,FPM12345,Plan 2018,Universidad de la Laguna,ULL015
27,Algoritmos y Estructuras de Datos,2.2,Suspenso,3012315AED,ING-Informática,Septiembre,2020/2021,FPM12345,Plan 2018,Universidad de la Laguna,ULL015
28,Algoritmos y Estructuras de Datos,7.4,Notable,3012315AED,ING-Informática,Junio,2021/2022,FPM12345,Plan 2018,Universidad de la Laguna,ULL015
29,Principios de Computadores,,No presentado,3012315PRI,ING-Informática,Junio,2017/2018,FPM12345,Plan 2018,Universidad de la Laguna,ULL015
30,Principios de Computadores,,No presentado,3012315PRI,ING-Informática,Julio,2017/2018,FPM12345,Plan 2018,Universidad de la Laguna,ULL015
31,Principios de Computadores,,No presentado,3012315PRI,ING-Informática,Septiembre,2017/2018,FPM12345,Plan 2018,Universidad de la Laguna,ULL015
32,Principios de Computadores,1.0,Suspenso,3012315PRI,ING-Informática,Junio,2018/2019,FPM12345,Plan 2018,Universidad de la Laguna,ULL015
33,Principios de Computadores,1.2,Suspenso,3012315PRI,ING-Informática,Julio,2018/2019,FPM12345,Plan 2018,Universidad de la Laguna,ULL015
34,Principios de Computadores,,No presentado,3012315PRI,ING-Informática,Septiembre,2018/2019,FPM12345,Plan 2018,Universidad de la Laguna,ULL015
35,Principios de Computadores,7.0,Notable,3012315PRI,ING-Informática,Junio,2019/2020,FPM12345,Plan 2018,Universidad de la Laguna,ULL015
36,Optimización,,No presentado,3012315OPT,ING-Informática,Junio,2017/2018,FPM12345,Plan 2018,Universidad de la Laguna,ULL015
37,Optimización,,No presentado,3012315OPT,ING-Informática,Julio,2017/2018,FPM12345,Plan 2018,Universidad de la Laguna,ULL015
38,Optimización,3.2,Suspenso,3012315OPT,ING-Informática,Septiembre,2017/2018,FPM12345,Plan 2018,Universidad de la Laguna,ULL015
39,Optimización,5.0,Aprobado,3012315OPT,ING-Informática,Junio,2018/2019,FPM12345,Plan 2018,Universidad de la Laguna,ULL015
40,Sistemas Electrónicos Digitales,,No presentado,3012315SED,ING-Informática,Junio,2017/2018,FPM12345,Plan 2018,Universidad de la Laguna,ULL015
41,Sistemas Electrónicos Digitales,,No presentado,3012315SED,ING-Informática,Julio,2017/2018,FPM12345,Plan 2018,Universidad de la Laguna,ULL015
42,Sistemas Electrónicos Digitales,6.2,Aprobado,3012315SED,ING-Informática,Septiembre,2017/2018,FPM12345,Plan 2018,Universidad de la Laguna,ULL015
43,Expresión Gráfica,7.8,Notable,3012315EXP,ING-Informática,Junio,2017/2018,FPM12345,Plan 2018,Universidad de la Laguna,ULL015
44,Organizaciones Empresariales,5.8,Aprobado,3012315ORG,ING-Informática,Junio,2017/2018,FPM12345,Plan 2018,Universidad de la Laguna,ULL015
45,Estructuras de Computadores,,No presentado,3012315EST,ING-Informática,Junio,2018/2019,FPM12345,Plan 2018,Universidad de la Laguna,ULL015
46,Estructuras de Computadores,,No presentado,3012315EST,ING-Informática,Julio,2018/2019,FPM12345,Plan 2018,Universidad de la Laguna,ULL015
47,Estructuras de Computadores,,No presentado,3012315EST,ING-Informática,Septiembre,2018/2019,FPM12345,Plan 2018,Universidad de la Laguna,ULL015
48,Estructuras de Computadores,,No presentado,3012315EST,ING-Informática,Julio,2019/2020,FPM12345,Plan 2018,Universidad de la Laguna,ULL015
49,Estructuras de Computadores,5.1,Aprobado,3012315EST,ING-Informática,Septiembre,2019/2020,FPM12345,Plan 2018,Universidad de la Laguna,ULL015
50,Estructuras de Computadores,3.5,Suspenso,3012315EST,ING-Informática,Enero,2019/2020,FPM12345,Plan 2018,Universidad de la Laguna,ULL015
51,Sistemas Operativos,,No presentado,3012315SIS,ING-Informática,Julio,2018/2019,FPM12345,Plan 2018,Universidad de la Laguna,ULL015
52,Sistemas Operativos,,No presentado,3012315SIS,ING-Informática,Septiembre,2018/2019,FPM12345,Plan 2018,Universidad de la Laguna,ULL015
53,Sistemas Operativos,,No presentado,3012315SIS,ING-Informática,Enero,2018/2019,FPM12345,Plan 2018,Universidad de la Laguna,ULL015
54,Sistemas Operativos,,No presentado,3012315SIS,ING-Informática,Julio,2019/2020,FPM12345,Plan 2018,Universidad de la Laguna,ULL015
55,Sistemas Operativos,,No presentado,3012315SIS,ING-Informática,Septiembre,2019/2020,FPM12345,Plan 2018,Universidad de la Laguna,ULL015
56,Sistemas Operativos,,No presentado,3012315SIS,ING-Informática,Enero,2019/2020,FPM12345,Plan 2018,Universidad de la Laguna,ULL015
57,Sistemas Operativos,4.5,Suspenso,3012315SIS,ING-Informática,Julio,2020/2021,FPM12345,Plan 2018,Universidad de la Laguna,ULL015
58,Sistemas Operativos,1.5,Suspenso,3012315SIS,ING-Informática,Septiembre,2020/2021,FPM12345,Plan 2018,Universidad de la Laguna,ULL015
59,Sistemas Operativos,4.5,Suspenso,3012315SIS,ING-Informática,Enero,2020/2021,FPM12345,Plan 2018,Universidad de la Laguna,ULL015
60,Sistemas Operativos,6.0,Aprobado,3012315SIS,ING-Informática,Julio,2021/2022,FPM12345,Plan 2018,Universidad de la Laguna,ULL015
61,Inglés Técnico,7.6,Notable,3012315ING,ING-Informática,Junio,2018/2019,FPM12345,Plan 2018,Universidad de la Laguna,ULL015
62,Fundamentos de Ingeniería del Software,7.2,Notable,3012315FIS,ING-Informática,Junio,2018/2019,FPM12345,Plan 2018,Universidad de la Laguna,ULL015
63,Código Deontológico y Aspectos Legales,8.2,Notable,3012315COD,ING-Informática,Junio,2018/2019,FPM12345,Plan 2018,Universidad de la Laguna,ULL015
64,Estadística,,No presentado,3012315EST,ING-Informática,Julio,2019/2020,FPM12345,Plan 2018,Universidad de la Laguna,ULL015
65,Estadística,,No presentado,3012315EST,ING-Informática,Septiembre,2019/2020,FPM12345,Plan 2018,Universidad de la Laguna,ULL015
66,Estadística,,No presentado,3012315EST,ING-Informática,Enero,2019/2020,FPM12345,Plan 2018,Universidad de la Laguna,ULL015
67,Computabilidad y Algoritmia,,No presentado,3012315COM,ING-Informática,Julio,2019/2020,FPM12345,Plan 2018,Universidad de la Laguna,ULL015
68,Computabilidad y Algoritmia,,No presentado,3012315COM,ING-Informática,Septiembre,2019/2020,FPM12345,Plan 2018,Universidad de la Laguna,ULL015
69,Computabilidad y Algoritmia,,No presentado,3012315COM,ING-Informática,Enero,2019/2020,FPM12345,Plan 2018,Universidad de la Laguna,ULL015
70,Computabilidad y Algoritmia,,No presentado,3012315COM,ING-Informática,Julio,2020/2021,FPM12345,Plan 2018,Universidad de la Laguna,ULL015
71,Computabilidad y Algoritmia,,No presentado,3012315COM,ING-Informática,Septiembre,2020/2021,FPM12345,Plan 2018,Universidad de la Laguna,ULL015
72,Computabilidad y Algoritmia,,No presentado,3012315COM,ING-Informática,Enero,2020/2021,FPM12345,Plan 2018,Universidad de la Laguna,ULL015
73,Computabilidad y Algoritmia,3.4,Suspenso,3012315COM,ING-Informática,Julio,2021/2022,FPM12345,Plan 2018,Universidad de la Laguna,ULL015
74,Computabilidad y Algoritmia,4.0,Suspenso,3012315COM,ING-Informática,Septiembre,2021/2022,FPM12345,Plan 2018,Universidad de la Laguna,ULL015
75,Computabilidad y Algoritmia,4.5,Suspenso,3012315COM,ING-Informática,Julio,2022/2023,FPM12345,Plan 2018,Universidad de la Laguna,ULL015
76,Computabilidad y Algoritmia,,No presentado,3012315COM,ING-Informática,Enero,2022/2023,FPM12345,Plan 2018,Universidad de la Laguna,ULL015
77,Computabilidad y Algoritmia,5.0,Aprobado,3012315COM,ING-Informática,Enero,2023/2024,FPM12345,Plan 2018,Universidad de la Laguna,ULL015
78,Algoritmos y Estructuras de Datos Avanzados,,No presentado,3568974ALA,ING-Informática,Junio,2019/2020,FPM12345,Plan 2018,Universidad de la Laguna,ULL015
79,Algoritmos y Estructuras de Datos Avanzados,,No presentado,3568974ALA,ING-Informática,Julio,2019/2020,FPM12345,Plan 2018,Universidad de la Laguna,ULL015
80,Algoritmos y Estructuras de Datos Avanzados,,No presentado,3568974ALA,ING-Informática,Septiembre,2019/2020,FPM12345,Plan 2018,Universidad de la Laguna,ULL015
81,Algoritmos y Estructuras de Datos Avanzados,,No presentado,3568974ALA,ING-Informática,Junio,2020/2021,FPM12345,Plan 2018,Universidad de la Laguna,ULL015
82,Algoritmos y Estructuras de Datos Avanzados,,No presentado,3568974ALA,ING-Informática,Julio,2020/2021,FPM12345,Plan 2018,Universidad de la Laguna,ULL015
83,Algoritmos y Estructuras de Datos Avanzados,,No presentado,3568974ALA,ING-Informática,Septiembre,2020/2021,FPM12345,Plan 2018,Universidad de la Laguna,ULL015
84,Algoritmos y Estructuras de Datos Avanzados,1.3,Suspenso,3568974ALA,ING-Informática,Junio,2021/2022,FPM12345,Plan 2018,Universidad de la Laguna,ULL015
85,Algoritmos y Estructuras de Datos Avanzados,,No presentado,3568974ALA,ING-Informática,Julio,2021/2022,FPM12345,Plan 2018,Universidad de la Laguna,ULL015
86,Algoritmos y Estructuras de Datos Avanzados,3.9,Suspenso,3568974ALA,ING-Informática,Septiembre,2021/2022,FPM12345,Plan 2018,Universidad de la Laguna,ULL015
87,Algoritmos y Estructuras de Datos Avanzados,8.0,Notable,3568974ALA,ING-Informática,Mayo,2022/2023,FPM12345,Plan 2018,Universidad de la Laguna,ULL015
88,Redes y Sistemas Distribuidos,4.5,Suspenso,3568974RED,ING-Informática,Junio,2019/2020,FPM12345,Plan 2018,Universidad de la Laguna,ULL015
89,Redes y Sistemas Distribuidos,8.1,Notable,3568974RED,ING-Informática,Julio,2019/2020,FPM12345,Plan 2018,Universidad de la Laguna,ULL015
90,Administración de Sistemas,1.7,Suspenso,3568974ADM,ING-Informática,Junio,2019/2020,FPM12345,Plan 2018,Universidad de la Laguna,ULL015
91,Administración de Sistemas,1.3,Suspenso,3568974ADM,ING-Informática,Julio,2019/2020,FPM12345,Plan 2018,Universidad de la Laguna,ULL015
92,Administración de Sistemas,1.0,Suspenso,3568974ADM,ING-Informática,Septiembre,2019/2020,FPM12345,Plan 2018,Universidad de la Laguna,ULL015
93,Administración de Sistemas,3.6,Suspenso,3568974ADM,ING-Informática,Junio,2020/2021,FPM12345,Plan 2018,Universidad de la Laguna,ULL015
94,Administración de Sistemas,7.1,Notable,3568974ADM,ING-Informática,Julio,2020/2021,FPM12345,Plan 2018,Universidad de la Laguna,ULL015
95,Bases de Datos,5.0,Aprobado,3568974BDA,ING-Informática,Julio,2021/2022,FPM12345,Plan 2018,Universidad de la Laguna,ULL015
96,Inteligencia Artificial,,No presentado,3568974INT,ING-Informática,Junio,2021/2022,FPM12345,Plan 2018,Universidad de la Laguna,ULL015
97,Inteligencia Artificial,5.7,Aprobado,3568974INT,ING-Informática,Septiembre,2021/2022,FPM12345,Plan 2018,Universidad de la Laguna,ULL015
98,Sistemas de Interacción Persona-Computador,7.5,Notable,3568974SIP,ING-Informática,Enero,2020/2021,FPM12345,Plan 2018,Universidad de la Laguna,ULL015
99,Lenguajes y Paradigmas de Programación,7.2,Notable,3568974LPP,ING-Informática,Enero,2022/2023,FPM12345,Plan 2018,Universidad de la Laguna,ULL015
100,Gestión de Proyectos Informáticos,6.8,Aprobado,3568974GPI,ING-Informática,Enero,2020/2021,FPM12345,Plan 2018,Universidad de la Laguna,ULL015
101,Modelado de Sistemas Software,,No presentado,3568974MSS,ING-Informática,Junio,2021/2022,FPM12345,Plan 2018,Universidad de la Laguna,ULL015
102,Modelado de Sistemas Software,,No presentado,3568974MSS,ING-Informática,Julio,2021/2022,FPM12345,Plan 2018,Universidad de la Laguna,ULL015
103,Modelado de Sistemas Software,,No presentado,3568974MSS,ING-Informática,Septiembre,2021/2022,FPM12345,Plan 2018,Universidad de la Laguna,ULL015
104,Modelado de Sistemas Software,7.2,Notable,3568974MSS,ING-Informática,Mayo,2022/2023,FPM12345,Plan 2018,Universidad de la Laguna,ULL015
105,Análisis de Sistemas Software,5.3,Aprobado,3568974ASS,ING-Informática,Julio,2021/2022,FPM12345,Plan 2018,Universidad de la Laguna,ULL015
106,Gestión de la Calidad,9.0,Sobresaliente,3568974GCA,ING-Informática,Junio,2020/2021,FPM12345,Plan 2018,Universidad de la Laguna,ULL015
107,Gestión de Riesgos en Ingeniería del Software,9.0,Sobresaliente,3568974GRI,ING-Informática,Junio,2021/2022,FPM12345,Plan 2018,Universidad de la Laguna,ULL015
108,Administración y Diseño de Bases de Datos,5.9,Aprobado,3568974ADB,ING-Informática,Enero,2022/2023,FPM12345,Plan 2018,Universidad de la Laguna,ULL015
109,Ingeniería Logística,8.5,Notable,3568974LOG,ING-Informática,Enero,2022/2023,FPM12345,Plan 2018,Universidad de la Laguna,ULL015
110,Inteligencia Emocional,5.7,Aprobado,3568974IEM,ING-Informática,Mayo,2022/2023,FPM12345,Plan 2018,Universidad de la Laguna,ULL015
111,Laboratorio de Desarrollo y Herramientas,8.8,Notable,3568974LDH,ING-Informática,Enero,2022/2023,FPM12345,Plan 2018,Universidad de la Laguna,ULL015
112,Normativa y Regulación,7.1,Notable,3568974NOR,ING-Informática,Enero,2022/2023,FPM12345,Plan 2018,Universidad de la Laguna,ULL015
113,Diseño Arquitectónico y Patrones,,No presentado,3568974DAP,ING-Informática,Julio,2022/2023,FPM12345,Plan 2018,Universidad de la Laguna,ULL015
114,Diseño Arquitectónico y Patrones,,No presentado,3568974DAP,ING-Informática,Enero,2022/2023,FPM12345,Plan 2018,Universidad de la Laguna,ULL015
115,Diseño Arquitectónico y Patrones,8.7,Notable,3568974DAP,ING-Informática,Enero,2023/2024,FPM12345,Plan 2018,Universidad de la Laguna,ULL015
116,Estadística,,No presentado,3012315EST,ING-Informática,Julio,2020/2021,FPM12345,Plan 2018,Universidad de la Laguna,ULL015
117,Estadística,,No presentado,3012315EST,ING-Informática,Septiembre,2020/2021,FPM12345,Plan 2018,Universidad de la Laguna,ULL015
118,Estadística,,No presentado,3012315EST,ING-Informática,Enero,2020/2021,FPM12345,Plan 2018,Universidad de la Laguna,ULL015
119,Estadística,5.3,Aprobado,3012315EST,ING-Informática,Julio,2021/2022,FPM12345,Plan 2018,Universidad de la Laguna,ULL015
120,Modelado de Datos,7.0,Notable,3568974MOD,ING-Informática,Junio,2020/2021,FPM12345,Plan 2018,Universidad de la Laguna,ULL015
121,Álgebra,9.5,Sobresaliente,3012315ALG,ING-Informática,1,2017/2018,VMM14584,Plan 2018,Universidad de la Laguna,ULL015
122,Informática Básica,9.0,Sobresaliente,3012315INF,ING-Informática,1,2017/2018,VMM14584,Plan 2018,Universidad de la Laguna,ULL015
123,Cálculo,7,Notable,3012315CAL,ING-Informática,1,2017/2018,VMM14584,Plan 2018,Universidad de la Laguna,ULL015
124,Fundamentos Físicos,7,Notable,3012315FIS,ING-Informática,1,2017/2018,VMM14584,Plan 2018,Universidad de la Laguna,ULL015
125,Algoritmos y Estructuras de Datos,6,Aprobado,3012315AED,ING-Informática,1,2017/2018,VMM14584,Plan 2018,Universidad de la Laguna,ULL015
126,Principios de Computadores,9.5,Sobresaliente,3012315PRI,ING-Informática,1,2017/2018,VMM14584,Plan 2018,Universidad de la Laguna,ULL015
127,Optimización,9.5,Sobresaliente,3012315OPT,ING-Informática,1,2017/2018,VMM14584,Plan 2018,Universidad de la Laguna,ULL015
128,Sistemas Electrónicos Digitales,8.7,Notable,3012315SED,ING-Informática,1,2017/2018,VMM14584,Plan 2018,Universidad de la Laguna,ULL015
129,Expresión Gráfica,9.5,Sobresaliente,3012315EXP,ING-Informática,1,2017/2018,VMM14584,Plan 2018,Universidad de la Laguna,ULL015
130,Organizaciones Empresariales,9.5,Sobresaliente,3012315ORG,ING-Informática,1,2017/2018,VMM14584,Plan 2018,Universidad de la Laguna,ULL015
131,Estructuras de Computadores,7,Notable,3012315EST,ING-Informática,1,2018/2019,VMM14584,Plan 2018,Universidad de la Laguna,ULL015
132,Sistemas Operativos,5,Aprobado,3012315SIS,ING-Informática,1,2018/2019,VMM14584,Plan 2018,Universidad de la Laguna,ULL015
133,Inglés Técnico,9.5,Sobresaliente,3012315ING,ING-Informática,1,2018/2019,VMM14584,Plan 2018,Universidad de la Laguna,ULL015
134,Fundamentos de Ingeniería del Software,9.0,Sobresaliente,3012315FIS,ING-Informática,1,2018/2019,VMM14584,Plan 2018,Universidad de la Laguna,ULL015
135,Código Deontológico y Aspectos Legales,8,Notable,3012315COD,ING-Informática,1,2018/2019,VMM14584,Plan 2018,Universidad de la Laguna,ULL015
136,Estadística,9.5,Sobresaliente,3012315EST,ING-Informática,1,2018/2019,VMM14584,Plan 2018,Universidad de la Laguna,ULL015
137,Computabilidad y Algoritmia,5.1,Aprobado,3012315COM,ING-Informática,1,2018/2019,VMM14584,Plan 2018,Universidad de la Laguna,ULL015
138,Algoritmos y Estructuras de Datos Avanzados,7.5,Notable,3568974ALA,ING-Informática,1,2018/2019,VMM14584,Plan 2018,Universidad de la Laguna,ULL015
139,Redes y Sistemas Distribuidos,9.5,Sobresaliente,3568974RED,ING-Informática,1,2018/2019,VMM14584,Plan 2018,Universidad de la Laguna,ULL015
140,Administración de Sistemas,8.5,Notable,3568974ADM,ING-Informática,1,2018/2019,VMM14584,Plan 2018,Universidad de la Laguna,ULL015
141,Sistemas de Interacción Persona-Computador,9.5,Sobresaliente,3568974SIP,ING-Informática,1,2019/2020,VMM14584,Plan 2018,Universidad de la Laguna,ULL015
142,Gestión de Proyectos Informáticos,9.5,Sobresaliente,3568974GPI,ING-Informática,1,2019/2020,VMM14584,Plan 2018,Universidad de la Laguna,ULL015
143,Modelado de Datos,9.5,Sobresaliente,3568974MOD,ING-Informática,1,2019/2020,VMM14584,Plan 2018,Universidad de la Laguna,ULL015
144,Gestión de la Calidad,9.5,Sobresaliente,3568974GCA,ING-Informática,1,2019/2020,VMM14584,Plan 2018,Universidad de la Laguna,ULL015
145,Bases de Datos,9.5,Sobresaliente,3568974BDA,ING-Informática,1,2019/2020,VMM14584,Plan 2018,Universidad de la Laguna,ULL015
146,Inteligencia Artificial,6.7,Notable,3568974INT,ING-Informática,1,2019/2020,VMM14584,Plan 2018,Universidad de la Laguna,ULL015
147,Modelado de Sistemas Software,6.9,Aprobado,3568974MSS,ING-Informática,1,2019/2020,VMM14584,Plan 2018,Universidad de la Laguna,ULL015
148,Análisis de Sistemas Software,5,Aprobado,3568974ASS,ING-Informática,1,2019/2020,VMM14584,Plan 2018,Universidad de la Laguna,ULL015
149,Gestión de Riesgos en Ingeniería del Software,9.5,Sobresaliente,3568974GRI,ING-Informática,1,2019/2020,VMM14584,Plan 2018,Universidad de la Laguna,ULL015
150,Lenguajes y Paradigmas de Programación,9.5,Sobresaliente,3568974LPP,ING-Informática,1,2019/2020,VMM14584,Plan 2018,Universidad de la Laguna,ULL015
151,Administración y Diseño de Bases de Datos,8.5,Notable,3568974ADB,ING-Informática,1,2020/2021,VMM14584,Plan 2018,Universidad de la Laguna,ULL015
152,Ingeniería Logística,9.5,Sobresaliente,3568974LOG,ING-Informática,1,2020/2021,VMM14584,Plan 2018,Universidad de la Laguna,ULL015
153,Inteligencia Emocional,9.5,Sobresaliente,3568974IEM,ING-Informática,1,2020/2021,VMM14584,Plan 2018,Universidad de la Laguna,ULL015
154,Laboratorio de Desarrollo y Herramientas,9.5,Sobresaliente,3568974LDH,ING-Informática,1,2020/2021,VMM14584,Plan 2018,Universidad de la Laguna,ULL015
155,Normativa y Regulación,9.5,Sobresaliente,3568974NOR,ING-Informática,1,2020/2021,VMM14584,Plan 2018,Universidad de la Laguna,ULL015
156,Diseño Arquitectónico y Patrones,9.5,Sobresaliente,3568974DAP,ING-Informática,1,2020/2021,VMM14584,Plan 2018,Universidad de la Laguna,ULL015
157,Álgebra,4.5,Suspenso,3012315ALG,ING-Informática,1,2017/2018,CVM56789,Plan 2018,Universidad de la Laguna,ULL015
158,Informática Básica,2.5,Suspenso,3012315INF,ING-Informática,1,2017/2018,CVM56789,Plan 2018,Universidad de la Laguna,ULL015
159,Cálculo,1.5,Suspenso,3012315CAL,ING-Informática,1,2017/2018,CVM56789,Plan 2018,Universidad de la Laguna,ULL015
160,Fundamentos Físicos,5,Aprobado,3012315FIS,ING-Informática,1,2017/2018,CVM56789,Plan 2018,Universidad de la Laguna,ULL015
161,Algoritmos y Estructuras de Datos,5.3,Aprobado,3012315AED,ING-Informática,1,2017/2018,CVM56789,Plan 2018,Universidad de la Laguna,ULL015
162,Principios de Computadores,1.5,Suspenso,3012315PRI,ING-Informática,1,2017/2018,CVM56789,Plan 2018,Universidad de la Laguna,ULL015
163,Optimización,4.1,Suspenso,3012315OPT,ING-Informática,1,2017/2018,CVM56789,Plan 2018,Universidad de la Laguna,ULL015
164,Sistemas Electrónicos Digitales,7.2,Notable,3012315SED,ING-Informática,1,2017/2018,CVM56789,Plan 2018,Universidad de la Laguna,ULL015
165,Expresión Gráfica,8.3,Notable,3012315EXP,ING-Informática,1,2017/2018,CVM56789,Plan 2018,Universidad de la Laguna,ULL015
166,Organizaciones Empresariales,3.0,Suspenso,3012315ORG,ING-Informática,1,2017/2018,CVM56789,Plan 2018,Universidad de la Laguna,ULL015
167,Estructuras de Computadores,4.5,Suspenso,3012315EST,ING-Informática,1,2018/2019,CVM56789,Plan 2018,Universidad de la Laguna,ULL015
168,Sistemas Operativos,4.5,Suspenso,3012315SIS,ING-Informática,1,2018/2019,CVM56789,Plan 2018,Universidad de la Laguna,ULL015
169,Inglés Técnico,8.5,Notable,3012315ING,ING-Informática,1,2018/2019,CVM56789,Plan 2018,Universidad de la Laguna,ULL015
170,Fundamentos de Ingeniería del Software,5.5,Aprobado,3012315FIS,ING-Informática,1,2018/2019,CVM56789,Plan 2018,Universidad de la Laguna,ULL015
171,Código Deontológico y Aspectos Legales,9.5,Sobresaliente,3012315COD,ING-Informática,1,2018/2019,CVM56789,Plan 2018,Universidad de la Laguna,ULL015
172,Estadística,7.5,Notable,3012315EST,ING-Informática,1,2018/2019,CVM56789,Plan 2018,Universidad de la Laguna,ULL015
173,Computabilidad y Algoritmia,1.9,Suspenso,3012315COM,ING-Informática,1,2018/2019,CVM56789,Plan 2018,Universidad de la Laguna,ULL015
174,Algoritmos y Estructuras de Datos Avanzados,4.5,Suspenso,3568974ALA,ING-Informática,1,2018/2019,CVM56789,Plan 2018,Universidad de la Laguna,ULL015
175,Redes y Sistemas Distribuidos,6,Aprobado,3568974RED,ING-Informática,1,2018/2019,CVM56789,Plan 2018,Universidad de la Laguna,ULL015
176,Administración de Sistemas,2.5,Suspenso,3568974ADM,ING-Informática,1,2018/2019,CVM56789,Plan 2018,Universidad de la Laguna,ULL015
177,Trabajo Fin de Grado,9.5,Sobresaliente,3568974TFG,ING-Informática,1,2020/2021,VMM14584,Plan 2018,Universidad de la Laguna,ULL015
178,Prácticas Externas,9.5,Sobresaliente,3568974PRE,ING-Informática,1,2020/2021,VMM14584,Plan 2018,Universidad de la Laguna,ULL015
179,Trabajo Fin de Grado,9.5,Sobresaliente,3568974TFG,ING-Informática,1,2023/2024,FPM12345,Plan 2018,Universidad de la Laguna,ULL015
180,Prácticas Externas,9.5,Sobresaliente,3568974PRE,ING-Informática,1,2023/2024,FPM12345,Plan 2018,Universidad de la Laguna,
190,Informática Básica,7.60,Notable,3012315INF,ING-Informática,Enero,2018/2019,FRA98765,Plan 2018,Universidad de la Laguna,ULL015
191,Álgebra,5.00,Aprobado,3012315ALG,ING-Informática,Enero,2018/2019,FRA98765,Plan 2018,Universidad de la Laguna,ULL015
192,Cálculo,,No presentado,3012315CAL,ING-Informática,Julio,2018/2019,FRA98765,Plan 2018,Universidad de la Laguna,ULL015
193,Cálculo,,No presentado,3012315CAL,ING-Informática,Septiembre,2018/2019,FRA98765,Plan 2018,Universidad de la Laguna,ULL015
194,Cálculo,,No presentado,3012315CAL,ING-Informática,Enero,2018/2019,FRA98765,Plan 2018,Universidad de la Laguna,ULL015
195,Cálculo,5.60,Aprobado,3012315CAL,ING-Informática,Julio,2019/2020,FRA98765,Plan 2018,Universidad de la Laguna,ULL015
196,Cálculo,2.80,Suspenso,3012315CAL,ING-Informática,Enero,2019/2020,FRA98765,Plan 2018,Universidad de la Laguna,ULL015
197,Fundamentos Físicos,6.30,Aprobado,3012315FIS,ING-Informática,Enero,2018/2019,FRA98765,Plan 2018,Universidad de la Laguna,ULL015
198,Organizaciones Empresariales,5.10,Aprobado,3012315ORG,ING-Informática,Julio,2018/2019,FRA98765,Plan 2018,Universidad de la Laguna,ULL015
199,Organizaciones Empresariales,3.50,Suspenso,3012315ORG,ING-Informática,Enero,2018/2019,FRA98765,Plan 2018,Universidad de la Laguna,ULL015
200,Algoritmos y Estructuras de Datos,2.40,Suspenso,3012315AED,ING-Informática,Julio,2018/2019,FRA98765,Plan 2018,Universidad de la Laguna,ULL015
201,Algoritmos y Estructuras de Datos,5.40,Aprobado,3012315AED,ING-Informática,Septiembre,2018/2019,FRA98765,Plan 2018,Universidad de la Laguna,ULL015
202,Principios de Computadores,2.80,Suspenso,3012315PRI,ING-Informática,Junio,2018/2019,FRA98765,Plan 2018,Universidad de la Laguna,ULL015
203,Principios de Computadores,6.40,Aprobado,3012315PRI,ING-Informática,Julio,2018/2019,FRA98765,Plan 2018,Universidad de la Laguna,ULL015
204,Optimización,,No presentado,3012315OPT,ING-Informática,Junio,2018/2019,FRA98765,Plan 2018,Universidad de la Laguna,ULL015
205,Optimización,,No presentado,3012315OPT,ING-Informática,Julio,2018/2019,FRA98765,Plan 2018,Universidad de la Laguna,ULL015
206,Optimización,,No presentado,3012315OPT,ING-Informática,Septiembre,2018/2019,FRA98765,Plan 2018,Universidad de la Laguna,ULL015
207,Optimización,7.50,Notable,3012315OPT,ING-Informática,Junio,2019/2020,FRA98765,Plan 2018,Universidad de la Laguna,ULL015
208,Sistemas Electrónicos Digitales,,No presentado,3012315SED,ING-Informática,Junio,2018/2019,FRA98765,Plan 2018,Universidad de la Laguna,ULL015
209,Sistemas Electrónicos Digitales,,No presentado,3012315SED,ING-Informática,Julio,2018/2019,FRA98765,Plan 2018,Universidad de la Laguna,ULL015
210,Sistemas Electrónicos Digitales,,No presentado,3012315SED,ING-Informática,Septiembre,2018/2019,FRA98765,Plan 2018,Universidad de la Laguna,ULL015
211,Sistemas Electrónicos Digitales,8.50,Notable,3012315SED,ING-Informática,Junio,2019/2020,FRA98765,Plan 2018,Universidad de la Laguna,ULL015
212,Expresión Gráfica,7.10,Notable,3012315EXP,ING-Informática,Junio,2018/2019,FRA98765,Plan 2018,Universidad de la Laguna,ULL015
213,Estadística,5.00,Aprobado,3012315EST,ING-Informática,Julio,2019/2020,FRA98765,Plan 2018,Universidad de la Laguna,ULL015
214,Estadística,3.10,Suspenso,3012315EST,ING-Informática,Enero,2019/2020,FRA98765,Plan 2018,Universidad de la Laguna,ULL015
215,Computabilidad y Algoritmia,3.80,Suspenso,3012315COM,ING-Informática,Julio,2020/2021,FRA98765,Plan 2018,Universidad de la Laguna,ULL015
216,Computabilidad y Algoritmia,,No presentado,3012315COM,ING-Informática,Septiembre,2020/2021,FRA98765,Plan 2018,Universidad de la Laguna,ULL015
217,Computabilidad y Algoritmia,,No presentado,3012315COM,ING-Informática,Enero,2020/2021,FRA98765,Plan 2018,Universidad de la Laguna,ULL015
218,Computabilidad y Algoritmia,,No presentado,3012315COM,ING-Informática,Julio,2022/2023,FRA98765,Plan 2018,Universidad de la Laguna,ULL015
219,Computabilidad y Algoritmia,,No presentado,3012315COM,ING-Informática,Enero,2022/2023,FRA98765,Plan 2018,Universidad de la Laguna,ULL015
220,Computabilidad y Algoritmia,5.70,Aprobado,3012315COM,ING-Informática,Enero,2023/2024,FRA98765,Plan 2018,Universidad de la Laguna,ULL015
221,Estructuras de Computadores,8.20,Notable,3012315EST,ING-Informática,Julio,2019/2020,FRA98765,Plan 2018,Universidad de la Laguna,ULL015
222,Sistemas Operativos,,No presentado,3012315SIS,ING-Informática,Julio,2019/2020,FRA98765,Plan 2018,Universidad de la Laguna,ULL015
223,Sistemas Operativos,,No presentado,3012315SIS,ING-Informática,Septiembre,2019/2020,FRA98765,Plan 2018,Universidad de la Laguna,ULL015
224,Sistemas Operativos,,No presentado,3012315SIS,ING-Informática,Enero,2019/2020,FRA98765,Plan 2018,Universidad de la Laguna,ULL015
225,Sistemas Operativos,7.30,Notable,3012315SIS,ING-Informática,Julio,2020/2021,FRA98765,Plan 2018,Universidad de la Laguna,ULL015
226,Inglés Técnico,8.50,Notable,3012315ING,ING-Informática,Julio,2019/2020,FRA98765,Plan 2018,Universidad de la Laguna,ULL015
227,Algoritmos y Estructuras de Datos Avanzados,,No presentado,3568974ALA,ING-Informática,Junio,2019/2020,FRA98765,Plan 2018,Universidad de la Laguna,ULL015
228,Algoritmos y Estructuras de Datos Avanzados,,No presentado,3568974ALA,ING-Informática,Julio,2019/2020,FRA98765,Plan 2018,Universidad de la Laguna,ULL015
229,Algoritmos y Estructuras de Datos Avanzados,,No presentado,3568974ALA,ING-Informática,Septiembre,2019/2020,FRA98765,Plan 2018,Universidad de la Laguna,ULL015
230,Algoritmos y Estructuras de Datos Avanzados,,No presentado,3568974ALA,ING-Informática,Junio,2020/2021,FRA98765,Plan 2018,Universidad de la Laguna,ULL015
231,Algoritmos y Estructuras de Datos Avanzados,,No presentado,3568974ALA,ING-Informática,Julio,2020/2021,FRA98765,Plan 2018,Universidad de la Laguna,ULL015
232,Algoritmos y Estructuras de Datos Avanzados,,No presentado,3568974ALA,ING-Informática,Septiembre,2020/2021,FRA98765,Plan 2018,Universidad de la Laguna,ULL015
233,Algoritmos y Estructuras de Datos Avanzados,7.30,Notable,3568974ALA,ING-Informática,Mayo,2022/2023,FRA98765,Plan 2018,Universidad de la Laguna,ULL015
234,Redes y Sistemas Distribuidos,4.50,Suspenso,3568974RED,ING-Informática,Junio,2020/2021,FRA98765,Plan 2018,Universidad de la Laguna,ULL015
235,Redes y Sistemas Distribuidos,7.60,Notable,3568974RED,ING-Informática,Julio,2020/2021,FRA98765,Plan 2018,Universidad de la Laguna,ULL015
236,Administración de Sistemas,7.00,Notable,3568974ADM,ING-Informática,Junio,2020/2021,FRA98765,Plan 2018,Universidad de la Laguna,ULL015
237,Fundamentos de Ingeniería del Software,7.40,Notable,3012315FIS,ING-Informática,Junio,2019/2020,FRA98765,Plan 2018,Universidad de la Laguna,ULL015
238,Código Deontológico y Aspectos Legales,9.30,Sobresaliente,3012315COD,ING-Informática,Junio,2019/2020,FRA98765,Plan 2018,Universidad de la Laguna,ULL015
239,Bases de Datos,,No presentado,3568974BDA,ING-Informática,Julio,2020/2021,FRA98765,Plan 2018,Universidad de la Laguna,ULL015
240,Bases de Datos,,No presentado,3568974BDA,ING-Informática,Septiembre,2020/2021,FRA98765,Plan 2018,Universidad de la Laguna,ULL015
241,Bases de Datos,,No presentado,3568974BDA,ING-Informática,Enero,2020/2021,FRA98765,Plan 2018,Universidad de la Laguna,ULL015
242,Bases de Datos,5.00,Aprobado,3568974BDA,ING-Informática,Julio,2022/2023,FRA98765,Plan 2018,Universidad de la Laguna,ULL015
243,Bases de Datos,4.00,Suspenso,3568974BDA,ING-Informática,Septiembre,2022/2023,FRA98765,Plan 2018,Universidad de la Laguna,ULL015
244,Inteligencia Artificial,,No presentado,3568974INT,ING-Informática,Enero,2020/2021,FRA98765,Plan 2018,Universidad de la Laguna,ULL015
245,Inteligencia Artificial,5.00,Aprobado,3568974INT,ING-Informática,Julio,2020/2021,FRA98765,Plan 2018,Universidad de la Laguna,ULL015
246,Sistemas de Interacción Persona-Computador,7.10,Notable,3568974SIP,ING-Informática,Enero,2020/2021,FRA98765,Plan 2018,Universidad de la Laguna,ULL015
247,Lenguajes y Paradigmas de Programación,5.80,Aprobado,3568974LPP,ING-Informática,Enero,2022/2023,FRA98765,Plan 2018,Universidad de la Laguna,ULL015
248,Gestión de Proyectos Informáticos,5.80,Aprobado,3568974GPI,ING-Informática,Enero,2020/2021,FRA98765,Plan 2018,Universidad de la Laguna,ULL015
249,Modelado de Sistemas Software,,No presentado,3568974MSS,ING-Informática,Julio,2020/2021,FRA98765,Plan 2018,Universidad de la Laguna,ULL015
250,Modelado de Sistemas Software,,No presentado,3568974MSS,ING-Informática,Septiembre,2020/2021,FRA98765,Plan 2018,Universidad de la Laguna,ULL015
251,Modelado de Sistemas Software,,No presentado,3568974MSS,ING-Informática,Junio,2020/2021,FRA98765,Plan 2018,Universidad de la Laguna,ULL015
252,Modelado de Sistemas Software,6.20,Aprobado,3568974MSS,ING-Informática,Mayo,2022/2023,FRA98765,Plan 2018,Universidad de la Laguna,ULL015
253,Análisis de Sistemas Software,5.30,Aprobado,3568974ASS,ING-Informática,Junio,2020/2021,FRA98765,Plan 2018,Universidad de la Laguna,ULL015
254,Modelado de Datos,7.30,Notable,3568974MOD,ING-Informática,Junio,2020/2021,FRA98765,Plan 2018,Universidad de la Laguna,ULL015
255,Gestión de la Calidad,7.70,Notable,3568974GCA,ING-Informática,Mayo,2022/2023,FRA98765,Plan 2018,Universidad de la Laguna,ULL015
256,Gestión de Riesgos en Ingeniería del Software,8.80,Notable,3568974GRI,ING-Informática,Mayo,2022/2023,FRA98765,Plan 2018,Universidad de la Laguna,ULL015
257,Visión por Computador,7.60,Notable,3568974VPC,ING-Informática,Enero,2023/2024,FRA98765,Plan 2018,Universidad de la Laguna,ULL015
258,Robótica Computacional,7.90,Notable,3568974RCO,ING-Informática,Enero,2023/2024,FRA98765,Plan 2018,Universidad de la Laguna,ULL015
259,Inteligencia Emocional,6.10,Aprobado,3568974IEM,ING-Informática,Mayo,2022/2023,FRA98765,Plan 2018,Universidad de la Laguna,ULL015
260,Laboratorio de Desarrollo y Herramientas,9.30,Sobresaliente,3568974LDH,ING-Informática,Enero,2023/2024,FRA98765,Plan 2018,Universidad de la Laguna,ULL015
261,Normativa y Regulación,7.50,Notable,3568974NOR,ING-Informática,Enero,2022/2023,FRA98765,Plan 2018,Universidad de la Laguna,ULL015
262,Diseño Arquitectónico y Patrones,8.20,Notable,3568974DAP,ING-Informática,Enero,2023/2024,FRA98765,Plan 2018,Universidad de la Laguna,ULL015
263,Prácticas Externas,10.00,Sobresaliente,3568974PRE,ING-Informática,Mayo,2023/2024,FRA98765,Plan 2018,Universidad de la Laguna,ULL015
264,Trabajo Fin de Grado,10.00,Sobresaliente,3568974TFG,ING-Informática,Julio,2023/2024,FRA98765,Plan 2018,Universidad de la Laguna,ULL015
265,Dirección y Gestión de Proyectos,8.5,Notable,3568974DGP,M-Informática,Enero,2023/2024,FPM12345,Plan 2018,Universidad de la Laguna,ULL015
266,Administración de Infraestructuras TIC y Sistemas,6.5,Aprobado,3568974AIT,M-Informática,Enero,2023/2024,FPM12345,Plan 2018,Universidad de la Laguna,ULL015
267,Sistemas y Tecnologías Web Cliente,7.5,Notable,3568974STW,M-Informática,Enero,2023/2024,FPM12345,Plan 2018,Universidad de la Laguna,ULL015
268,Sistemas y Tecnologías Web Servidor,5.5,Aprobado,3568974STS,M-Informática,Enero,2023/2024,FPM12345,Plan 2018,Universidad de la Laguna,ULL015
269,Gestión de Comunicación y Conocimiento Empresarial,8.5,Notable,3568974GCE,M-Informática,Enero,2023/2024,FPM12345,Plan 2018,Universidad de la Laguna,ULL015
270,Computación en la Nube,7.5,Notable,3568974CCN,M-Informática,Enero,2023/2024,FPM12345,Plan 2018,Universidad de la Laguna,ULL015
271,Ánalisis de Datos Masivos,9.5,Sobresaliente,3568974ADM,M-Informática,Enero,2023/2024,FPM12345,Plan 2018,Universidad de la Laguna,ULL015
272,Sistemas y Técnologías Web Arquitectura,9.1,Sobresaliente,3568974STA,M-Informática,Enero,2023/2024,FPM12345,Plan 2018,Universidad de la Laguna,ULL015
273,Sistemas y Tecnologías Despliegue y Mantenimiento,8.5,Notable,3568974SDM,M-Informática,Enero,2023/2024,FPM12345,Plan 2018,Universidad de la Laguna,ULL015
274,Seguridad en Sistemas y Tecnologías Web,9.5,Sobresaliente,3568974SST,M-Informática,Enero,2023/2024,FPM12345,Plan 2018,Universidad de la Laguna,ULL015
275,Trabajo de Fin de Máster,9.5,Sobresaliente,3568974TFM,M-Informática,Enero,2024/2025,FPM12345,Plan 2018,Universidad de la Laguna,ULL015
276,Física 1,7.5,Notable,7894561FIS,ING-Electrónica,Enero,2017/2018,EJM11111,Plan 2018,Universidad de la Laguna,ULL015
277,Expresión Gráfica,8.5,Notable,7894561EXP,ING-Electrónica,Enero,2017/2018,EJM11111,Plan 2018,Universidad de la Laguna,ULL015
278,Informática,6.5,Aprobado,7894561INF,ING-Electrónica,Enero,2017/2018,EJM11111,Plan 2018,Universidad de la Laguna,ULL015
279,Fundamentos Matemáticos,9.2,Sobresaliente,7894561FMA,ING-Electrónica,Enero,2017/2018,EJM11111,Plan 2018,Universidad de la Laguna,ULL015
280,Física 2,3.2,Suspenso,7894561FIS,ING-Electrónica,Enero,2017/2018,EJM11111,Plan 2018,Universidad de la Laguna,ULL015
281,Física 2,5.2,Aprobado,7894561FIS,ING-Electrónica,Julio,2017/2018,EJM11111,Plan 2018,Universidad de la Laguna,ULL015
282,Métodos Estadísticos,8.5,Notable,7894561MES,ING-Electrónica,Enero,2017/2018,EJM11111,Plan 2018,Universidad de la Laguna,ULL015
283,Cálculo,4.1,Suspenso,7894561CAL,ING-Electrónica,Enero,2017/2018,EJM11111,Plan 2018,Universidad de la Laguna,ULL015
284,Cálculo,5.1,Aprobado,7894561CAL,ING-Electrónica,Julio,2017/2018,EJM11111,Plan 2018,Universidad de la Laguna,ULL015
285,Fundamentos Químicos en la Ingeniería,7.5,Notable,7894561FQU,ING-Electrónica,Enero,2017/2018,EJM11111,Plan 2018,Universidad de la Laguna,ULL015
286,Organización y Gestión Empresarial,8.5,Notable,7894561OGE,ING-Electrónica,Enero,2017/2018,EJM11111,Plan 2018,Universidad de la Laguna,ULL015
287,Ingeniería Fluidomecánica,7.5,Notable,7894561IFL,ING-Electrónica,Julio,2018/2019,EJM11111,Plan 2018,Universidad de la Laguna,ULL015
288,Ingeniería de Materiales,8.5,Notable,7894561IMA,ING-Electrónica,Julio,2018/2019,EJM11111,Plan 2018,Universidad de la Laguna,ULL015
289,Automatización y Control Industrial,9.5,Sobresaliente,7894561ACI,ING-Electrónica,Julio,2018/2019,EJM11111,Plan 2018,Universidad de la Laguna,ULL015
290,Fundamentos de Ingeniería Eléctrica,7.5,Notable,7894561FIE,ING-Electrónica,Julio,2018/2019,EJM11111,Plan 2018,Universidad de la Laguna,ULL015
291,Fundamentos de Ingeniería Electrónica,8.5,Notable,7894561FIE,ING-Electrónica,Julio,2018/2019,EJM11111,Plan 2018,Universidad de la Laguna,ULL015
292,Elasticidad y Resistencia de los Materiales,5.6,Aprobado,7894561ERM,ING-Electrónica,Julio,2018/2019,EJM11111,Plan 2018,Universidad de la Laguna,ULL015
293,Ingeniería Térmica,7.5,Notable,7894561ITE,ING-Electrónica,Julio,2018/2019,EJM11111,Plan 2018,Universidad de la Laguna,ULL015
294,Técnología de Procesos de Fabricación,8.5,Notable,7894561TPF,ING-Electrónica,Julio,2018/2019,EJM11111,Plan 2018,Universidad de la Laguna,ULL015
295,Organización y Gestión de Proyectos,9.5,Sobresaliente,7894561OGP,ING-Electrónica,Julio,2018/2019,EJM11111,Plan 2018,Universidad de la Laguna,ULL015
296,Electrónica Analógica,7.5,Notable,7894561EAN,ING-Electrónica,Julio,2019/2020,EJM11111,Plan 2018,Universidad de la Laguna,ULL015
297,Electrónica Digital,8.5,Notable,7894561EDI,ING-Electrónica,Julio,2019/2020,EJM11111,Plan 2018,Universidad de la Laguna,ULL015
298,Modelado y Simulación de Sistemas,9.5,Sobresaliente,7894561MSS,ING-Electrónica,Julio,2019/2020,EJM11111,Plan 2018,Universidad de la Laguna,ULL015
299,Ampliación de Ingeniería Eléctrica,7.5,Notable,7894561AIE,ING-Electrónica,Julio,2019/2020,EJM11111,Plan 2018,Universidad de la Laguna,ULL015
300,Prevención de Riesgos Laborales,6.2,Aprobado,7894561PRL,ING-Electrónica,Julio,2019/2020,EJM11111,Plan 2018,Universidad de la Laguna,ULL015
301,Instrumentación Electrónica,7.5,Notable,7894561INE,ING-Electrónica,Julio,2019/2020,EJM11111,Plan 2018,Universidad de la Laguna,ULL015
302,Ingeniería de Control,8.5,Notable,7894561ICO,ING-Electrónica,Julio,2019/2020,EJM11111,Plan 2018,Universidad de la Laguna,ULL015
303,Sistemas de Comunicación,9.5,Sobresaliente,7894561SDC,ING-Electrónica,Julio,2019/2020,EJM11111,Plan 2018,Universidad de la Laguna,ULL015
304,Sistemas Robotizados,7.5,Notable,7894561SRO,ING-Electrónica,Julio,2019/2020,EJM11111,Plan 2018,Universidad de la Laguna,ULL015
305,Oficina Técnica/Proyectos,7.5,Notable,7894561OTP,ING-Electrónica,Julio,2020/2021,EJM11111,Plan 2018,Universidad de la Laguna,ULL015
306,Electrónica de Potencia,5.23,Aprobado,7894561EPO,ING-Electrónica,Julio,2020/2021,EJM11111,Plan 2018,Universidad de la Laguna,ULL015
307,Informática Industrial,8.5,Notable,7894561IIN,ING-Electrónica,Julio,2020/2021,EJM11111,Plan 2018,Universidad de la Laguna,ULL015
308,Automatización Industrial Anazada,9.5,Sobresaliente,7894561AIA,ING-Electrónica,Julio,2020/2021,EJM11111,Plan 2018,Universidad de la Laguna,ULL015
309,Proyectos de Instalaciones,7.5,Notable,7894561PIN,ING-Electrónica,Julio,2020/2021,EJM11111,Plan 2018,Universidad de la Laguna,ULL015
310,Prácticas Externas,9.5,Sobresaliente,7894561PRE,ING-Electrónica,Julio,2020/2021,EJM11111,Plan 2018,Universidad de la Laguna,ULL015
311,Trabajo Fin de Grado,9.5,Sobresaliente,7894561TFG,ING-Electrónica,Julio,2020/2021,EJM11111,Plan 2018,Universidad de la Laguna,ULL015
312,Fisiología y Fisiopatología,6.2,Aprobado,5689741FFI,SALUD-Enfermería,Enero,2017/2018,KKK00000,Plan 2018,Universidad de la Laguna,ULL015
313,Investigación y Enfermería,8.5,Notable,5689741IYE,SALUD-Enfermería,Enero,2017/2018,KKK00000,Plan 2018,Universidad de la Laguna,ULL015
314,Anatomía Humana e Histología,7.5,Notable,5689741AAH,SALUD-Enfermería,Enero,2017/2018,KKK00000,Plan 2018,Universidad de la Laguna,ULL015
315,Bioquímica y Nutrición,8.5,Notable,5689741BQN,SALUD-Enfermería,Enero,2017/2018,KKK00000,Plan 2018,Universidad de la Laguna,ULL015
316,Antropología y Bases Teóricas de la Enfermería,9.5,Sobresaliente,5689741ABE,SALUD-Enfermería,Enero,2017/2018,KKK00000,Plan 2018,Universidad de la Laguna,ULL015
317,Física Aplicada,7.5,Notable,5689741FAP,SALUD-Enfermería,Enero,2017/2018,KKK00000,Plan 2018,Universidad de la Laguna,ULL015
318,Inglés para la Salud,8.5,Notable,5689741IPS,SALUD-Enfermería,Enero,2017/2018,KKK00000,Plan 2018,Universidad de la Laguna,ULL015
319,Educación para la Salud,7.5,Notable,5689741EPS,SALUD-Enfermería,Enero,2017/2018,KKK00000,Plan 2018,Universidad de la Laguna,ULL015
320,Prácticas Clinicas I,9.5,Sobresaliente,5689741PCI,SALUD-Enfermería,Enero,2017/2018,KKK00000,Plan 2018,Universidad de la Laguna,ULL015
321,Enfermería Clinica I,6.2,Aprobado,5689741ECI,SALUD-Enfermería,Enero,2018/2019,KKK00000,Plan 2018,Universidad de la Laguna,ULL015
322,Cienias Psicosociales Aplicadas,7.2,Notable,5689741CPA,SALUD-Enfermería,Enero,2018/2019,KKK00000,Plan 2018,Universidad de la Laguna,ULL015
323,Farmacología y Diétitica,9.2,Sobresaliente,5689741FDI,SALUD-Enfermería,Enero,2018/2019,KKK00000,Plan 2018,Universidad de la Laguna,ULL015
324,Bases Teóricas y Metodológicas de la Enfermería,5.0,Aprobado,5689741BME,SALUD-Enfermería,Enero,2018/2019,KKK00000,Plan 2018,Universidad de la Laguna,ULL015
325,Enfermería Comunitaria,9.2,Sobresaliente,5689741ECO,SALUD-Enfermería,Enero,2018/2019,KKK00000,Plan 2018,Universidad de la Laguna,ULL015
326,Enfermería Clinica II,6.2,Aprobado,5689741ECI,SALUD-Enfermería,Enero,2018/2019,KKK00000,Plan 2018,Universidad de la Laguna,ULL015
327,Prácticas Clinicas II,7.3,Notable,5689741PC2,SALUD-Enfermería,Enero,2018/2019,KKK00000,Plan 2018,Universidad de la Laguna,ULL015
328,Enfermería de la Infancia y Adolescencia,6.7,Aprobado,5689741EIA,SALUD-Enfermería,Enero,2019/2020,KKK00000,Plan 2018,Universidad de la Laguna,ULL015
329,Enfermería Clinica Avanzada I,8.2,Notable,5689741ECA,SALUD-Enfermería,Enero,2019/2020,KKK00000,Plan 2018,Universidad de la Laguna,ULL015
330,Prácticas Clinicas III,7.2,Notable,5689741PC3,SALUD-Enfermería,Enero,2019/2020,KKK00000,Plan 2018,Universidad de la Laguna,ULL015
331,Prácticas Clinicas IV,5.2,Aprobado,5689741PC4,SALUD-Enfermería,Enero,2019/2020,KKK00000,Plan 2018,Universidad de la Laguna,ULL015
332,Enfermería Clinica Avanzada,8.2,Notable,5689741ECA,SALUD-Enfermería,Enero,2019/2020,KKK00000,Plan 2018,Universidad de la Laguna,ULL015
333,Inglés Aplicado para la Comunicación en Salud,9.1,Sobresaliente,5689741IAC,SALUD-Enfermería,Enero,2019/2020,KKK00000,Plan 2018,Universidad de la Laguna,ULL015
334,Habilidades Interpersonales y Comunicación,7.2,Notable,5689741HIC,SALUD-Enfermería,Enero,2019/2020,KKK00000,Plan 2018,Universidad de la Laguna,ULL015
335,Procesos Psicosociales,6.2,Aprobado,5689741PPS,SALUD-Enfermería,Enero,2019/2020,KKK00000,Plan 2018,Universidad de la Laguna,ULL015
336,Enfermería en Quirófano,7.3,Notable,5689741EQI,SALUD-Enfermería,Enero,2019/2020,KKK00000,Plan 2018,Universidad de la Laguna,ULL015
337,Prácticas Externas,9.2,Sobresaliente,5689741PRE,SALUD-Enfermería,Enero,2020/2021,KKK00000,Plan 2018,Universidad de la Laguna,ULL015
338,Trabajo Fin de Grado,8.0,Notable,5689741TFG,SALUD-Enfermería,Enero,2020/2021,KKK00000,Plan 2018,Universidad de la Laguna,ULL015
339,Física 1,3.5,Suspenso,7894561FIS,ING-Electrónica,Enero,2018/2019,PPP22222,Plan 2018,Universidad de la Laguna,ULL015
340,Expresión Gráfica,6.5,Aprobado,7894561EXP,ING-Electrónica,Enero,2018/2019,PPP22222,Plan 2018,Universidad de la Laguna,ULL015
341,Informática,6.5,Aprobado,7894561INF,ING-Electrónica,Enero,2018/2019,PPP22222,Plan 2018,Universidad de la Laguna,ULL015
342,Fundamentos Matemáticos,2.2,Suspenso,7894561FMA,ING-Electrónica,Enero,2018/2019,PPP22222,Plan 2018,Universidad de la Laguna,ULL015
343,Física 2,3.2,Suspenso,7894561FIS,ING-Electrónica,Enero,2018/2019,PPP22222,Plan 2018,Universidad de la Laguna,ULL015
344,Física 2,5.2,Aprobado,7894561FIS,ING-Electrónica,Julio,2018/2019,PPP22222,Plan 2018,Universidad de la Laguna,ULL015
345,Métodos Estadísticos,8.5,Notable,7894561MES,ING-Electrónica,Enero,2018/2019,PPP22222,Plan 2018,Universidad de la Laguna,ULL015
346,Cálculo,4.1,Suspenso,7894561CAL,ING-Electrónica,Enero,2018/2019,PPP22222,Plan 2018,Universidad de la Laguna,ULL015
347,Fundamentos Químicos en la Ingeniería,5.5,Aprobado,7894561FQU,ING-Electrónica,Enero,2018/2019,PPP22222,Plan 2018,Universidad de la Laguna,ULL015
348,Organización y Gestión Empresarial,4.5,Suspenso,7894561OGE,ING-Electrónica,Enero,2018/2019,PPP22222,Plan 2018,Universidad de la Laguna,ULL015