indice,ambito_isced,cod_plan,cod_mec,curso_aca,municipio,nacionalidad,nuevo_ingreso,provincia,rama,sexo,titulacion,nombre_plan_propio,universidad,cod_universidad,cod_tipo_matricula,tipo_matricula,id
1,Tecnología,BDCX8,Y7X359,2017/2018,Santa Cruz de Tenerife,España,si,Santa Cruz de Tenerife,Ingeniería y Arquitectura,Masculino,Grado en Ingeniería Informática,ING-Informática-Plan Propio,Universidad de la Laguna,ULL015,N25H,Completa,FPM12345
2,Tecnología,BDCX8,Y7X359,2018/2019,Santa Cruz de Tenerife,España,no,Santa Cruz de Tenerife,Ingeniería y Arquitectura,Masculino,Grado en Ingeniería Informática,ING-Informática-Plan Propio,Universidad de la Laguna,ULL015,N25H,Completa,FPM12345
3,Tecnología,BDCX8,Y7X359,2019/2020,Santa Cruz de Tenerife,España,no,Santa Cruz de Tenerife,Ingeniería y Arquitectura,Masculino,Grado en Ingeniería Informática,ING-Informática-Plan Propio,Universidad de la Laguna,ULL015,N25H,Completa,FPM12345
4,Tecnología,BDCX8,Y7X359,2020/2021,Santa Cruz de Tenerife,España,no,Santa Cruz de Tenerife,Ingeniería y Arquitectura,Masculino,Grado en Ingeniería Informática,ING-Informática-Plan Propio,Universidad de la Laguna,ULL015,N25H,Completa,FPM12345
5,Tecnología,BDCX8,Y7X359,2021/2022,Santa Cruz de Tenerife,España,no,Santa Cruz de Tenerife,Ingeniería y Arquitectura,Masculino,Grado en Ingeniería Informática,ING-Informática-Plan Propio,Universidad de la Laguna,ULL015,N25H,Completa,FPM12345
6,Tecnología,BDCX8,Y7X359,2022/2023,Santa Cruz de Tenerife,España,no,Santa Cruz de Tenerife,Ingeniería y Arquitectura,Masculino,Grado en Ingeniería Informática,ING-Informática-Plan Propio,Universidad de la Laguna,ULL015,N25H,Completa,FPM12345
7,Tecnología,BDCX8,Y7X359,2023/2024,Santa Cruz de Tenerife,España,no,Santa Cruz de Tenerife,Ingeniería y Arquitectura,Masculino,Grado en Ingeniería Informática,ING-Informática-Plan Propio,Universidad de la Laguna,ULL015,N25H,Completa,FPM12345
